Thu Dec  1 12:00:29 2022,average_velocity_U,average_velocity_V,average_velocity_W,U_variance_Prime,V_variance_Prime,W_variance_Prime,U_stdev_Prime,V_stdev_Prime,W_stdev_Prime,Skewness_U_Prime,Skewness_V_Prime,Skewness_W_Prime,Kurtosis_U_Prime,Kurtosis_V_Prime,Kurtosis_W_Prime,Reynolds_stress_u'v',Reynolds_stress_u'w',Reynolds_stress_v'w',Anisotropy,M30,M03,M12,M21,fku_2d,Fku_2d,fkw_2d,Fkw_2d,fku_3d,Fku_3d,fkw_3d,Fkw_3d,TKE_3d,Q1_K_Value,Q2_K_Value,Q3_K_Value,Q4_K_Value,e,ED,Octant_plus_1,Octant_minus_1,Octant_plus_2,Octant_minus_2,Octant_plus_3,Octant_minus_3,Octant_plus_4,Octant_minus_4,Total_Octant_sample,Probability_Octant_plus_1,Probability_Octant_minus_1,Probability_Octant_plus_2,Probability_Octant_minus_2,Probability_Octant_plus_3,Probability_Octant_minus_3,Probability_Octant_plus_4,Probability_Octant_minus_4,Min_Octant_Count,Min_Octant_Count_id,Max_Octant_Count,Max_Octant_Count_id,
7.9_raw.csv_filtered_by_correlation15_SNR19_all_replacement_strategy_1_previous_point,0.271,-0.019,-0.018,0.003,0.001,0.0,0.059,0.025,0.018,4.2,-0.933,-3.37,31.731,2.741,19.128,0.0,-0.001,0.0,0.305,4.173,-3.376,3.164,-3.985,0.001,0.0,-0.0,-0.0,0.0,0.0,0.0,0.0,0.0,1,1,5,51,0,0,30,22,39,16,30,16,14,33,200,0.15,0.11,0.195,0.08,0.15,0.08,0.07,0.165,14,4,39,2,
7.9_raw.csv_filtered_by_correlation15_SNR19_individual_replacement_strategy_1_previous_point,0.271,-0.019,-0.018,0.003,0.001,0.0,0.059,0.025,0.018,4.2,-0.933,-3.37,31.731,2.741,19.128,0.0,-0.001,0.0,0.305,4.173,-3.376,3.164,-3.985,0.001,0.0,-0.0,-0.0,0.0,0.0,0.0,0.0,0.0,1,1,5,51,0,0,30,22,39,16,30,16,14,33,200,0.15,0.11,0.195,0.08,0.15,0.08,0.07,0.165,14,4,39,2,
7.6_raw.csv_filtered_by_correlation15_SNR19_all_replacement_strategy_1_previous_point,0.271,-0.019,-0.018,0.003,0.001,0.0,0.059,0.025,0.018,4.2,-0.933,-3.37,31.731,2.741,19.128,0.0,-0.001,0.0,0.305,4.173,-3.376,3.164,-3.985,0.001,0.0,-0.0,-0.0,0.0,0.0,0.0,0.0,0.0,1,1,5,51,0,0,30,22,39,16,30,16,14,33,200,0.15,0.11,0.195,0.08,0.15,0.08,0.07,0.165,14,4,39,2,
7.6_raw.csv_filtered_by_correlation15_SNR19_individual_replacement_strategy_1_previous_point,0.271,-0.019,-0.018,0.003,0.001,0.0,0.059,0.025,0.018,4.2,-0.933,-3.37,31.731,2.741,19.128,0.0,-0.001,0.0,0.305,4.173,-3.376,3.164,-3.985,0.001,0.0,-0.0,-0.0,0.0,0.0,0.0,0.0,0.0,1,1,5,51,0,0,30,22,39,16,30,16,14,33,200,0.15,0.11,0.195,0.08,0.15,0.08,0.07,0.165,14,4,39,2,
7.2_raw.csv_filtered_by_correlation15_SNR19_all_replacement_strategy_1_previous_point,0.271,-0.019,-0.018,0.003,0.001,0.0,0.059,0.025,0.018,4.2,-0.933,-3.37,31.731,2.741,19.128,0.0,-0.001,0.0,0.305,4.173,-3.376,3.164,-3.985,0.001,0.0,-0.0,-0.0,0.0,0.0,0.0,0.0,0.0,1,1,5,51,0,0,30,22,39,16,30,16,14,33,200,0.15,0.11,0.195,0.08,0.15,0.08,0.07,0.165,14,4,39,2,
7.2_raw.csv_filtered_by_correlation15_SNR19_individual_replacement_strategy_1_previous_point,0.271,-0.019,-0.018,0.003,0.001,0.0,0.059,0.025,0.018,4.2,-0.933,-3.37,31.731,2.741,19.128,0.0,-0.001,0.0,0.305,4.173,-3.376,3.164,-3.985,0.001,0.0,-0.0,-0.0,0.0,0.0,0.0,0.0,0.0,1,1,5,51,0,0,30,22,39,16,30,16,14,33,200,0.15,0.11,0.195,0.08,0.15,0.08,0.07,0.165,14,4,39,2,
